Singer,career_start,peak_decade,confidence,metadata_used
أحمد العتباني,2015.0,2020.0,medium,True
أحمد مايو,1965.0,1970.0,high,True
أذينة العلي,2010.0,2010.0,high,True
أسماء أبو اليزيد,2018.0,2020.0,high,True
أكرم حسني,2018.0,2010.0,high,True
أميرة زهير,2015.0,2020.0,medium,True
أنس كريم,2010.0,2010.0,high,True
إبراهيم التميمي,1985.0,1990.0,medium,True
ابتسام,1985.0,1990.0,high,True
ابتسام تسكت,2014.0,2010.0,high,True
ابتسام لطفي,1965.0,1970.0,high,True
ابراهيم البندكاري,2005.0,2010.0,high,True
ابراهيم الحكمي,2006.0,2010.0,high,True
ابراهيم السلطان,2015.0,2020.0,medium,True
ابراهيم الشامي,2008.0,2010.0,medium,True
ابراهيم العراقي,2012.0,2010.0,medium,True
ابراهيم الكاشف,1945.0,1950.0,high,True
ابراهيم تركي,2005.0,2010.0,high,True
ابراهيم حسين,1985.0,1990.0,high,True
ابراهيم خوجلي,1995.0,2000.0,high,True
ابراهيم دشتي,2009.0,2010.0,high,True
ابراهيم عوض,1950.0,1960.0,high,True
ابراهيم فاروق,2000.0,2010.0,low,True
ابو,2017.0,2010.0,high,True
ابو الليف,2008.0,2010.0,high,True
ابو بكر سالم بلفقيه,1955.0,1970.0,high,True
ابو حمدان,2005.0,2010.0,medium,True
ابو ذر عبد الباقى,2000.0,2010.0,medium,True
ابوبكر بالفقيه,1955.0,1970.0,high,True
ابوعركى البخيت,1970.0,1980.0,high,True
احسان الامير,2000.0,2010.0,medium,True
احلام,1995.0,2000.0,high,True
احمد اسماعيل,2005.0,2010.0,low,True
احمد اشبيليه,2005.0,2010.0,low,True
احمد البحار,2015.0,2020.0,medium,True
احمد البنا,1970.0,1980.0,low,True
احمد الجابري,1965.0,1970.0,high,True
احمد الجميري,1985.0,1990.0,medium,True
احمد الحازم,1990.0,2000.0,medium,True
احمد الحجار,1988.0,1990.0,high,True
احمد الحريبي,2005.0,2010.0,low,True
احمد الحلاق,1995.0,2000.0,low,True
احمد الخليدي,1998.0,2000.0,medium,True
احمد الساعدي,2010.0,2010.0,high,True
احمد السلطان,1990.0,1990.0,low,True
احمد السويسى,2000.0,2010.0,medium,True
احمد السيسي,2005.0,2010.0,high,True
احمد الشريف,2003.0,2000.0,high,True
احمد الشمري,2008.0,2010.0,low,True
احمد الشوكي,2000.0,2010.0,high,True
احمد الصادق,2005.0,2010.0,medium,True
احمد العراقي,2000.0,2000.0,medium,True
احمد العزاوي,2010.0,2010.0,high,True
احمد العيسوى,1995.0,2000.0,low,True
احمد الغريب,2010.0,2010.0,high,True
احمد القيسي,2005.0,2010.0,high,True
احمد الكيبالي,2005.0,2010.0,medium,True
احمد الماجد,2000.0,2000.0,low,True
احمد المازن,2000.0,2010.0,high,True
احمد المصطفي,1940.0,1950.0,high,True
احمد المصلاوي,2015.0,2010.0,high,True
احمد المغنيني,2005.0,2010.0,medium,True
احمد المنصوري,2010.0,2010.0,medium,True
احمد المهني,2018.0,2020.0,high,True
احمد الهرمي,2008.0,2010.0,medium,True
احمد الوليد,2012.0,2010.0,high,True
احمد اموري,2015.0,2010.0,high,True
احمد بتشان,2015.0,2010.0,high,True
احمد برهان,2016.0,2010.0,high,True
احمد بورتسودان,1975.0,1980.0,medium,True
احمد جاكي,2016.0,2010.0,low,True
احمد جمال,2013.0,2010.0,high,True
احمد جواد,2010.0,2010.0,medium,True
احمد جوزي,2017.0,2010.0,low,True
احمد جيمي,2015.0,2010.0,low,True
احمد حداد,2008.0,2010.0,medium,True
احمد حسن,2016.0,2010.0,low,True
احمد حسين,2009.0,2010.0,medium,True
احمد روكان,2015.0,2010.0,medium,True
احمد زعيم,2009.0,2010.0,high,True
احمد سامي,2007.0,2010.0,medium,True
احمد ستار,2005.0,2010.0,high,True
احمد سرتا,2012.0,2010.0,low,True
احمد سعد,2003.0,2010.0,high,True
احمد شاكر,2008.0,2010.0,high,True
احمد شاويش,2005.0,2010.0,low,True
احمد شمس,2013.0,2010.0,low,True
احمد شوكت,2010.0,2010.0,medium,True
احمد شيبة,2000.0,2010.0,high,True
احمد طارق يحيي,2008.0,2010.0,medium,True
احمد عامر,2010.0,2010.0,medium,True
احمد عبد السلام,2010.0,2010.0,low,True
احمد عبد الله,1985.0,1990.0,medium,True
احمد عدوية,1970.0,1970.0,high,True
احمد عزت,2012.0,2010.0,medium,True
احمد علاء,2010.0,2010.0,medium,True
احمد فاضل,2008.0,2010.0,high,True
احمد فتحي,1977.0,1980.0,high,True
احمد فهمي,2003.0,2000.0,high,True
احمد كامل,2016.0,2010.0,high,True
احمد مؤيد,2010.0,2020.0,medium,True
احمد مكي,2000.0,2010.0,high,True
احمد منيب,1970.0,1980.0,high,True
احمد ناصر,2010.0,2020.0,medium,True
احمد يحيي,2010.0,2020.0,medium,True
ادم,2000.0,2000.0,high,True
ادم رافت,2010.0,2020.0,medium,True
ادم عبد الله,2010.0,2020.0,high,True
ادهم,2010.0,2020.0,medium,True
ادهم سليمان,2010.0,2010.0,high,True
ادهم علي,2015.0,2020.0,high,True
ادهم نابلسي,2013.0,2010.0,high,True
ادونيس,2011.0,2010.0,high,True
ارابيش,2010.0,2010.0,medium,True
اراس الريس,2010.0,2010.0,high,True
اروى,1998.0,2000.0,high,True
اريام,1992.0,1990.0,high,True
ازهر النوار,2005.0,2010.0,medium,True
اسامة الحمداني,2008.0,2010.0,medium,True
اسامة الهادي,2013.0,2010.0,high,True
اسامة عبد الغني,1998.0,2000.0,high,True
اسامة ناجى,2003.0,2010.0,high,True
اسامة نمير,2012.0,2010.0,medium,True
اسامه الشيخ,1985.0,1990.0,high,True
اسر,2015.0,2020.0,medium,True
اسراء الاصيل,2017.0,2010.0,high,True
اسرار بابكر,2005.0,2010.0,high,True
اسعد حسين,2008.0,2010.0,medium,True
اسلام طاهر,2007.0,2010.0,high,True
اسلام فتوح,2014.0,2010.0,high,True
اسما لمنور,2000.0,2010.0,high,True
اسماء الشيخ,2000.0,2010.0,medium,True
اسماء بسيط,2010.0,2010.0,high,True
اسماء لمنور,2000.0,2010.0,high,True
اسماعيل البلبيسي,1950.0,1960.0,medium,True
اسماعيل الفروجي,2000.0,2010.0,high,True
اسماعيل الليثي,2000.0,2010.0,high,True
اسماعيل حسب الدائم,1950.0,1960.0,high,True
اسماعيل مبارك,2010.0,2010.0,high,True
اسمهان,1930.0,,high,True
اسيل عمران,2004.0,2010.0,high,True
اشرف غزال,1970.0,1970.0,high,True
اصالة الماجدي,2010.0,2010.0,medium,True
اصالة نصري,1991.0,2000.0,high,True
اصيل ابو بكر,1997.0,2000.0,high,True
اصيل هزيل,2015.0,2010.0,medium,True
اصيل هميم,2012.0,2010.0,high,True
اطفال مصر,2010.0,2010.0,medium,True
اكرم فؤاد,2015.0,2010.0,low,True
اكرم فاروق,2015.0,2010.0,low,True
اكمل,2008.0,2010.0,low,True
الامين عبد الغفار,1985.0,1990.0,medium-low,True
الانين,2007.0,2010.0,medium-low,True
الباتشينو,2009.0,2010.0,medium,True
البدر,1980.0,1990.0,low,True
البلابل,1978.0,1980.0,high,True
التاج مصطفى,1968.0,1970.0,medium,True
الجازي الفيصل,2012.0,2010.0,medium-high,True
الجان محمود عبد العزيز,1992.0,1990.0,high,True
الجوكر,2011.0,2010.0,medium-high,True
الحان العبد الله,2018.0,2020.0,medium,True
الدوزي,1998.0,2010.0,high,True
الشاب جيلاني,1995.0,2000.0,medium,True
الشاب خالد,1976.0,1990.0,high,True
الشاب دوزى,1998.0,2010.0,high,True
الشاب مامي,1982.0,1990.0,high,True
الشيخ امام,1962.0,1970.0,high,True
الطيب مدثر,1965.0,1970.0,medium,True
العاقب محمد حسن,1968.0,1970.0,medium,True
العاني,2010.0,2010.0,high,True
الماس,2010.0,2010.0,medium,True
المدفعجية,2010.0,2010.0,high,True
الهادي حامد ود الجبل,1990.0,2000.0,medium,True
الهام مدفعي,1970.0,1980.0,high,True
الوسمي,2000.0,2000.0,medium,True
الياس سفر,2000.0,2010.0,medium,True
اليسا,1998.0,2000.0,high,True
الين خلف,1996.0,2000.0,high,True
الين عبود,2010.0,2010.0,medium,True
ام بلينه السنوسي,1960.0,1970.0,medium,True
ام كلثوم,1923.0,1960.0,high,True
امال النور,2005.0,2010.0,low,True
امال ماهر,2002.0,2010.0,high,True
امانى السويسي,2005.0,2010.0,high,True
امل ابراهيم,2008.0,2010.0,medium,True
امل البغدادي,2010.0,2010.0,medium,True
امل بشوشة,2009.0,2010.0,high,True
امل حجازي,2001.0,2000.0,high,True
امل كعدل,1985.0,1990.0,low,True
امنة فاخر,2012.0,2010.0,medium,True
امنيه سليمان,2008.0,2010.0,medium,True
امير السفير,2015.0,2010.0,medium,True
امير العراقي,2015.0,2010.0,low,True
امير الفيصل,2012.0,2010.0,high,True
امير صالح,2016.0,2010.0,low,True
امير عبد الله,2009.0,2010.0,medium,True
امير عموري,2007.0,2010.0,medium,True
امير يوسف,2014.0,2010.0,medium,True
اميرة,2017.0,2010.0,low,True
اميرة العباس,2008.0,2010.0,medium,True
اميمة خليل,1980.0,1990.0,high,True
اميمة طالب,2010.0,2010.0,medium,True
امين فارسي,2010.0,2010.0,low,True
امينة,2000.0,2010.0,high,True
انجي امين,2010.0,2010.0,medium,True
انس خالد,2010.0,2010.0,low,True
انصاف مدني,1990.0,2000.0,high,True
انغام,1980.0,1990.0,high,True
انمار الصفار,2010.0,2010.0,high,True
انمار الفهد,2010.0,2010.0,low,True
انور الحنين,2000.0,2010.0,high,True
انور داغر,2005.0,2010.0,medium,True
انور دراغ,2005.0,2010.0,medium,True
انوشكا,1987.0,1990.0,high,True
اود ابراهيم,2000.0,2010.0,high,True
اوراس ستار,2008.0,2010.0,high,True
اوس الصابر,2005.0,2010.0,high,True
اوس العلي,2005.0,2010.0,high,True
اوسكار الرماس,2000.0,2010.0,high,True
اوكا واورتيجا,2010.0,2010.0,high,True
اياد حطاب,2020.0,2020.0,medium,True
اية عبد الرؤوف,2020.0,2020.0,medium,True
اية عقيل,2018.0,2010.0,high,True
ايثار علي,2020.0,2020.0,low,True
ايساف,2005.0,2000.0,high,True
ايساف قمرى,2005.0,2000.0,high,True
ايسر القاسم,2018.0,2010.0,low,True
ايفان الرسام,2020.0,2020.0,medium,True
ايفان ناجي,2018.0,2010.0,high,True
ايلاف,2019.0,2010.0,low,True
ايمان البحر درويش,1987.0,1990.0,high,True
ايمان الشميطي,2017.0,2010.0,high,True
ايمان توفيق,1980.0,1990.0,low,True
ايمان صبري,1998.0,2000.0,medium,True
ايمان عبد العزيز,2010.0,2010.0,medium,True
ايمان مصطفي,2005.0,2010.0,medium,True
ايمان واماني,1990.0,2000.0,medium,True
ايمن الاعتر,2004.0,2000.0,high,True
ايمن البغدادي,1999.0,2000.0,medium,True
ايمن الرفاعي,2012.0,2010.0,medium,True
ايمن القاسم,2000.0,2000.0,medium,True
ايمن امين,2000.0,2000.0,high,True
ايمن زاخوي,2000.0,2010.0,medium,True
ايمن زبيب,2000.0,2000.0,high,True
ايناس عز الدين,2014.0,2010.0,high,True
ايه احمد,2010.0,2010.0,medium,True
ايه عبد الله,2010.0,2010.0,medium,True
ايهاب المالكي,2010.0,2010.0,high,True
ايهاب توفيق,1989.0,1990.0,high,True
ايهاب مراد,2000.0,2000.0,medium,True
ايهم كريم,2005.0,2010.0,medium,True
ايوان,2003.0,2000.0,high,True
بارق الناشي,2010.0,2010.0,medium,True
باسكال مشعلاني,1992.0,1990.0,high,True
باسل العزيز,2008.0,2010.0,medium,True
باسل نجم,2005.0,2010.0,medium,True
باسم الردهان,2010.0,2010.0,low,True
باسم العبود,2015.0,2020.0,high,True
باسم العلي,2005.0,2010.0,medium,True
باسم الكربلائي,1990.0,2010.0,high,True
باسم عثمان,2005.0,2010.0,medium,True
باسمه,1996.0,2000.0,high,True
باميلا فرحات,2010.0,2010.0,low,True
بدر الحبيش,1998.0,2000.0,medium,True
بدر الركابي,1995.0,2000.0,medium,True
بدر الشعيبي,2012.0,2010.0,high,True
بدر الشعيفاني,2013.0,2010.0,high,True
بدر الفريج,2010.0,2010.0,medium,True
بدور,2000.0,2000.0,medium,True
بديع مسعود,1995.0,2000.0,medium,True
برهان,2010.0,2010.0,medium,True
برهم الديواني,2005.0,2010.0,medium,True
برواس حسين,2013.0,2010.0,high,True
بسام البارع,2015.0,2010.0,medium,True
بسام مهدي,2003.0,2000.0,medium,True
بســـمان الخــطيب,2005.0,2010.0,medium,True
بسمان الخطيب,2005.0,2010.0,high,True
بسمة بنداري,2015.0,2010.0,medium,True
بشار الأصيل,2012.0,2010.0,medium,True
بشار السرحان,2003.0,2000.0,high,True
بشار الشطي,2003.0,2000.0,high,True
بشار العراقي,2010.0,2010.0,medium,True
بشار القيسي,2008.0,2010.0,medium,True
بشار هشام,2012.0,2010.0,medium,True
بشري,2006.0,2010.0,high,True
بشير حمد شنان,1960.0,1960.0,high,True
بشير شنان,1960.0,1960.0,high,True
بكر رافع,2010.0,2010.0,medium,True
بلاك تيما,2008.0,2010.0,high,True
بلال,2009.0,2010.0,high,True
بلقيس,2010.0,2010.0,high,True
بنات ودلوكة,1990.0,2000.0,low,True
بندر بن عوير,2010.0,2010.0,high,True
بندر سعد,2010.0,2020.0,high,True
بهاء الكافي,2000.0,2000.0,high,True
بهاء حسين,2010.0,2020.0,medium,True
بهاء سلطان,2000.0,2000.0,high,True
بو عتيج,2010.0,2020.0,high,True
بودى,2010.0,2020.0,medium,True
بوسي,2010.0,2010.0,high,True
بوى باند,2015.0,2010.0,high,True
بيسان اسماعيل,2018.0,2020.0,high,True
تاتا دياب,2019.0,2020.0,medium,True
تامر حسني,2002.0,2000.0,high,True
تامر سري,2005.0,2010.0,medium,True
تامر سيف,2006.0,2010.0,medium,True
تامر عاشور,2004.0,2000.0,high,True
تامر علي,2003.0,2010.0,high,True
تركي,1998.0,2000.0,medium,True
تركي عبد الله,1995.0,2000.0,medium,True
تمارا,2005.0,2010.0,medium,True
توبا,2000.0,2000.0,low,True
توحة,1970.0,1980.0,medium,True
توفيق الدلو,1980.0,1990.0,high,True
توني خواجه,2005.0,2010.0,medium,True
تيسير الحنين,2010.0,2010.0,medium,True
تيسير السفير,2010.0,2010.0,high,True
تيسير العراقية,2010.0,2010.0,high,True
تيم,2010.0,2010.0,medium,True
تيم دلع التكاتك,2010.0,2010.0,high,True
تينا زبيدي,2010.0,2010.0,medium,True
ثائر العلي,1990.0,2000.0,low,True
ثائر فوزي,1990.0,2000.0,low,True
ثامر التركي,1990.0,2000.0,high,True
ثنائي العاصمه,1960.0,1970.0,medium,True
جابر التركي,2000.0,2010.0,high,True
جابر الكاسر,2000.0,2010.0,high,True
جابر جاسم,1970.0,1980.0,high,True
جاد العلايلي,2010.0,2020.0,high,True
جاد القطريب,2010.0,2010.0,high,True
جاد خليفة,2010.0,2010.0,high,True
جاد رحمة,2010.0,2010.0,medium,True
جاد نخلة,2005.0,2000.0,medium,True
جاسم الغريب,1980.0,1990.0,low,True
جاسم المشرخ,1995.0,2000.0,low,True
جاسم بهباني,1990.0,2000.0,low,True
جاسم محمد,2005.0,2010.0,high,True
جعفر الغزال,2015.0,2010.0,high,True
جلال الزين,2010.0,2010.0,medium,True
جلال حمادة,2005.0,2010.0,medium,True
جلال خورشيد,1975.0,1980.0,medium,True
جلال عبد الله,2005.0,2010.0,high,True
جمال فرفور,1985.0,1990.0,medium,True
جمال ياسين,2005.0,2010.0,medium,True
جميلة,2012.0,2010.0,high,True
جميلة البداوي,2012.0,2010.0,high,True
جنات,2004.0,2010.0,high,True
جنى,2010.0,2010.0,medium,True
جهاد سركيس,1995.0,2000.0,low,True
جو أشقر,2000.0,2000.0,high,True
جو اشقر,1998.0,2000.0,high,True
جواد العلي,1998.0,2000.0,high,True
جوانا الاصيل,2013.0,2010.0,medium,True
جوانا ملاح,1995.0,2000.0,high,True
جود,2015.0,2010.0,low,True
جورج الراسي,1999.0,2000.0,high,True
جورج خوري,1985.0,1990.0,medium,True
جورج مارتينوس,1985.0,1990.0,high,True
جورج نعمة,2002.0,2010.0,high,True
جورج وسوف,1981.0,1990.0,high,True
جوزيف صقر,1968.0,1970.0,high,True
جوزيف عطية,2004.0,2000.0,high,True
جوليا بطرس,1982.0,1990.0,high,True
جوني,1998.0,2000.0,medium,True
جي فاير,2015.0,2010.0,medium,True
حاتم العراقي,1992.0,2000.0,high,True
حاتم عمور,2007.0,2010.0,high,True
حاتم فهمي,2009.0,2010.0,medium,True
حاتم منصور,1993.0,1990.0,high,True
حارثي,2005.0,2000.0,medium,True
حازم الصدير,2017.0,2020.0,medium,True
حازم شريف,2014.0,2010.0,high,True
حامد اب سيح,1965.0,1970.0,medium,True
حامد الغرباوي,2005.0,2010.0,medium,True
حامد كاترينا,1955.0,1960.0,high,True
حبيب الدويله,1965.0,1970.0,medium,True
حبيب علي,2012.0,2010.0,medium,True
حذيفة السفير,2015.0,2010.0,medium,True
حربي العامري,1995.0,2000.0,high,True
حرم النور,2013.0,2020.0,medium,True
حسام الرسام,2000.0,2010.0,medium,True
حسام الشرقاوي,2020.0,2020.0,high,True
حسام القيسي,2005.0,2010.0,medium,True
حسام القيصر,2005.0,2010.0,low,True
حسام الماجد,2005.0,2010.0,medium,True
حسام جنيد,2007.0,2010.0,high,True
حسام حبيب,2004.0,2000.0,high,True
حسام حسون,2005.0,2010.0,medium,True
حسام علي,2005.0,2010.0,high,True
حسام كامل,2005.0,2010.0,medium,True
حسان عيسى,1995.0,2000.0,medium,True
حسن الاسمر,1988.0,1990.0,high,True
حسن الاشقر,1975.0,1980.0,medium,True
حسن الجابري,2005.0,2010.0,low,True
حسن الخلعي,2012.0,2010.0,high,True
حسن الرسام,1990.0,1990.0,high,True
حسن الشافعي,2010.0,2010.0,high,True
حسن الشيخ,1998.0,2000.0,medium,True
حسن الطائي,2008.0,2010.0,low,True
حسن الطيب,2008.0,2010.0,low,True
حسن الهايل,1998.0,2000.0,medium,True
حسن خرباش,1985.0,1990.0,low,True
حسن خليفه العطبراوي,1970.0,1980.0,medium,True
حسن عبد الله,1990.0,2000.0,medium,True
حسن عطيه,1950.0,1960.0,high,True
حسن مسعود,1995.0,2000.0,medium,True
حسن نصير,1990.0,2000.0,medium,True
حسن هادي,2005.0,2010.0,high,True
حسنين البابلي,2000.0,2010.0,low,True
حسوني الصغير,2005.0,2010.0,high,True
حسيب حبيب,1998.0,2000.0,high,True
حسين الاحمد,2005.0,2010.0,medium,True
حسين الامير,2010.0,2010.0,medium,True
حسين الجسمي,2002.0,2010.0,high,True
حسين الحجامي,2005.0,2010.0,medium,True
حسين الديك,2007.0,2010.0,high,True
حسين الرشيد,2005.0,2010.0,medium,True
حسين السلمان,2003.0,2010.0,high,True
حسين الصادق,2005.0,2010.0,high,True
حسين العادل,2008.0,2010.0,high,True
حسين العلي,1998.0,2000.0,high,True
حسين المازن وفرقة الافراح الاماراتية,1995.0,2000.0,medium,True
حسين الياس,2008.0,2010.0,medium,True
حسين بونشر,2010.0,2010.0,low,True
حسين زكريا,2005.0,2010.0,medium,True
حسين شندي,1985.0,1990.0,high,True
حسين غاندي,2008.0,2010.0,medium,True
حسين غزال,2009.0,2010.0,high,True
حسين فيصل,2012.0,2010.0,low,True
حسين قريش,2000.0,2000.0,medium,True
حسين نصير,1970.0,1980.0,medium,True
حصة,1980.0,1990.0,low,True
حكمت جسار,1970.0,1980.0,medium,True
حكيم,1990.0,1990.0,high,True
حكيم العراقى,2000.0,2010.0,medium,True
حلا الترك,2010.0,2010.0,high,True
حلمى عبد الباقى,1980.0,1990.0,high,True
حمادة الاسمر,2010.0,2010.0,high,True
حمادة الشوكي,2000.0,2010.0,medium,True
حمادة الليثي,2010.0,2010.0,high,True
حمادة هلال,1997.0,2000.0,high,True
حماده كريم,2010.0,2010.0,medium,True
حمد البريدي,2005.0,2010.0,medium,True
حمد البريكي,2010.0,2010.0,medium,True
حمد الجابري,2010.0,2010.0,high,True
حمد الريح,1950.0,1970.0,high,True
حمد الطيار,1975.0,1990.0,high,True
حمد العامري,1998.0,2000.0,high,True
حمد القطان,2014.0,2010.0,high,True
حمد المانع,2008.0,2010.0,medium,True
حمد المنصور,2005.0,2010.0,medium,True
حمد بوقيس,2008.0,2010.0,medium,True
حمد سالم العامري,2007.0,2010.0,high,True
حمدان البلوشي,2010.0,2010.0,high,True
حمدي بتشان,2003.0,2010.0,high,True
حمدي سعد,1997.0,2000.0,medium,True
حمزة الاصيل,2008.0,2010.0,medium,True
حمزة القيسي,2010.0,2010.0,high,True
حمزة عيسي,2012.0,2010.0,low,True
حمزة نمرة,2006.0,2010.0,high,True
حمود الخضر,2010.0,2010.0,high,True
حمود ناصر,2000.0,2000.0,high,True
حميد الشاعري,1980.0,1990.0,high,True
حميد الشذر,2000.0,2010.0,low,True
حميد العوضي,2010.0,2010.0,medium,True
حميد الكعبي,2000.0,2010.0,low,True
حنان النيل,1970.0,1980.0,high,True
حنان بلوبلو,1980.0,1990.0,high,True
حنان رضا,2010.0,2010.0,high,True
حنان عطية,2010.0,2010.0,medium,True
حنان ماضي,1988.0,1990.0,high,True
حنين القصير,2008.0,2010.0,medium,True
حنين حداد,2009.0,2010.0,medium,True
حوريه حجاج,1990.0,1990.0,medium,True
حياة الصالح,1970.0,1970.0,high,True
حيدر اركان,2010.0,2010.0,medium,True
حيدر الحسناوي,2010.0,2010.0,medium,True
حيدر الساري,2012.0,2010.0,medium,True
حيدر السعدي,2013.0,2010.0,low,True
حيدر العبد الله,2012.0,2010.0,medium,True
حيدر العلي,2005.0,2010.0,high,True
حيدر بورتسودان,2005.0,2010.0,medium,True
حيدر زاهر,2006.0,2010.0,high,True
حيدر سلام,2018.0,2020.0,high,True
حيدر فكري,1988.0,1990.0,high,True
خالد الاحمد,1995.0,2000.0,medium,True
خالد الحنين,2004.0,2010.0,high,True
خالد الداموك,2003.0,2010.0,medium,True
خالد الراشد,2007.0,2010.0,low,True
خالد الشيخ,1978.0,1980.0,high,True
خالد الصراف,2017.0,2020.0,medium-high,True
خالد الطيب,2015.0,2010.0,medium,True
خالد العراقي,2005.0,2000.0,medium,True
خالد الملا,1980.0,1990.0,high,True
خالد النعيم,2018.0,2020.0,medium,True
خالد الهمداني,2008.0,2010.0,medium-high,True
خالد بن حسين,1995.0,2000.0,high,True
خالد بو صخر,2015.0,2010.0,medium,True
خالد حلمي,2019.0,2020.0,medium-high,True
خالد دلوان,2005.0,2010.0,high,True
خالد ذكي,1988.0,1990.0,high,True
خالد سليم,2000.0,2000.0,high,True
خالد عبد الرحمن,1987.0,1990.0,high,True
خالد عبد المنعم,1998.0,2000.0,low,True
خالد عجاج,1995.0,1990.0,high,True
خالد عمر,2010.0,2010.0,medium,True
خالد محجوب الصحافه,1970.0,1980.0,medium,True
خضر بشير,1940.0,1950.0,high,True
خضير العزيز,2000.0,2000.0,medium,True
خليل اسماعيل,1970.0,1980.0,high,True
خميس الخميس,1990.0,2000.0,medium,True
خوجلي عثمان,1970.0,1980.0,high,True
خوله حسين,2000.0,2010.0,low,True
دارين حدشيتي,2000.0,2000.0,high,True
دالي,2000.0,2010.0,medium,True
داليا الفارس,2010.0,2010.0,medium,True
داليا طه,2010.0,2020.0,low,True
داليا مبارك,2010.0,2020.0,high,True
داليدا العراقية,2000.0,2010.0,medium,True
داليدا خليل,2010.0,2010.0,high,True
دانيال,2010.0,2010.0,low,True
داوود ابراهيم,2000.0,2010.0,medium,True
دحوم الطلاسي,2000.0,2010.0,low,True
دنيا بطمة,2010.0,2010.0,high,True
دنيا سمير غانم,2000.0,2010.0,high,True
دنيا مسعود,2000.0,2010.0,medium,True
دولار الاصيل,2000.0,2010.0,medium,True
دوللى شاهين,2000.0,2000.0,high,True
دوللي شاهين,2000.0,2000.0,high,True
دومينيك حوراني,2000.0,2000.0,high,True
دياب,2000.0,2010.0,high,True
ديانا حداد,1990.0,1990.0,high,True
ديانا كرزون,2000.0,2000.0,high,True
ديانا ورد,2010.0,2010.0,medium,True
دينا الوديدي,2010.0,2010.0,high,True
دينا حايك,2000.0,2000.0,high,True
دينا صبري,2000.0,2010.0,medium,True
ذكرى,1990.0,1990.0,high,True
رائد الحبيب,2000.0,2010.0,low,True
رائد الشامي,2000.0,2010.0,high,True
رائد فاخر,2008.0,2010.0,medium,True
رابح صقر,1986.0,1990.0,high,True
راشد العراقي,1998.0,2000.0,medium,True
راشد الفارس,2000.0,2000.0,high,True
راشد الماجد,1988.0,1990.0,high,True
راشد الماجد و عبد المجيد عبد الله,2010.0,2010.0,medium,True
راشد الماجد وماجد المهندس,2015.0,2010.0,medium,True
راغب علامة,1982.0,1990.0,high,True
راكان خالد,2012.0,2010.0,medium,True
رامي بدر,2005.0,2010.0,medium,True
رامي جمال,2008.0,2010.0,high,True
رامي خليل,2010.0,2010.0,medium,True
رامي صبرى,2004.0,2010.0,high,True
رامي صبري,2005.0,2010.0,low,True
رامي عبد الله,2000.0,2000.0,medium,True
رامي عصام,2011.0,2010.0,high,True
رامي عياش,1996.0,2000.0,high,True
راندا حافظ,2007.0,2010.0,high,True
راي جبران,2012.0,2010.0,low,True
رباب العراقية,1978.0,1980.0,high,True
ربيع الاسمر,1998.0,2000.0,high,True
ربيع الهلالي,1999.0,2000.0,high,True
ربيع بارود,2003.0,2000.0,high,True
ربيع سلامة,2005.0,2010.0,low,True
رجاء بلمليح,1987.0,1990.0,high,True
رجاء بلمير,2014.0,2010.0,medium,True
رحمة رياض,2010.0,2020.0,high,True
رحمه رياض,2010.0,2020.0,high,True
رحيم,2002.0,2010.0,medium,True
رسلان,2000.0,2000.0,high,True
رشا البغدادي,2002.0,2000.0,medium,True
رشا شيخ الدين,1998.0,2000.0,medium,True
رشا ناجح,2005.0,2010.0,medium,True
رشيدي,2006.0,2010.0,medium,True
رضا,1998.0,2000.0,high,True
رضا البحراوي,2012.0,2010.0,high,True
رضا العبد الله,1997.0,2000.0,high,True
رضا مندور,2007.0,2010.0,low,True
رضوان برحيل,2012.0,2010.0,high,True
رعد الناصري,1988.0,1990.0,medium,True
رقية ماغي,2015.0,2010.0,medium,True
رمضان البرنس,2012.0,2010.0,high,True
رمضان حسن,1978.0,1980.0,medium,True
رمضان زايد,1975.0,1980.0,medium,True
رنا سماحة,2013.0,2010.0,high,True
رنا فاروق,1998.0,2000.0,medium,True
رنا وليد,2015.0,2010.0,medium,True
رند الحنين,2016.0,2010.0,medium,True
رنين,2003.0,2000.0,high,True
رهف,2017.0,2010.0,medium,True
رواد,2010.0,2010.0,medium,True
روبي,2003.0,2000.0,high,True
روجينا حسن,2010.0,2010.0,low,True
روجيه خوري,1990.0,1990.0,low,True
روكان,2010.0,2010.0,medium,True
رولا زكي,2000.0,2000.0,low,True
رولا سعد,2004.0,2000.0,high,True
روني كسار,2010.0,2010.0,high,True
رويدا المحروقي,1998.0,2000.0,high,True
رويدا عطية,2003.0,2000.0,high,True
ريان,2005.0,2000.0,medium,True
ريان التركي,2017.0,2020.0,low,True
ريبال الهادي,2015.0,2010.0,low,True
ريم الشريف,2018.0,2020.0,low,True
ريم المحمودي,1998.0,2000.0,high,True
ريم الهوى,2015.0,2010.0,low,True
ريم مهرات,2016.0,2010.0,low,True
ريم نصري,2003.0,2000.0,high,True
ريما خشيش,1995.0,2000.0,medium,True
ريماس,2009.0,2010.0,medium,True
ريهام عبد الحكيم,2005.0,2010.0,medium,True
زاب ثروت,2008.0,2010.0,high,True
زايد الصالح,2009.0,2010.0,medium,True
زعيم اركان,2012.0,2010.0,high,True
زهور حسين,1940.0,1950.0,high,True
زهير العراقي,2010.0,2010.0,medium,True
زياد,,,low,True
زياد الرحباني,1973.0,1970.0,high,True
زياد الهلالي,2011.0,2010.0,medium,True
زياد برجي,1999.0,2010.0,high,True
زياد جمال,2015.0,2020.0,medium,True
زياد خوري,2013.0,2010.0,high,True
زياد شلتوت,2010.0,2010.0,medium,True
زياد صليوة,2015.0,2020.0,medium,True
زياد يوسف,2018.0,2020.0,medium,True
زياني,2017.0,2020.0,high,True
زيد البشير,2015.0,2010.0,medium,True
زيد الحبيب,2010.0,2010.0,high,True
زيد الراشد,2015.0,2010.0,medium,True
زيد العراقي,2010.0,2010.0,medium,True
زيد هشام,2012.0,2010.0,medium,True
زيدان ابراهيم,1968.0,1970.0,high,True
زيدون الفهد,2008.0,2010.0,medium,True
زيدون حسين,2013.0,2010.0,medium,True
زيزى عادل,2005.0,2000.0,high,True
زين اسعد,1998.0,2000.0,medium,True
زين العراقي,2011.0,2010.0,medium,True
زين عوض,2001.0,2000.0,high,True
زينب اسامة,2011.0,2010.0,medium,True
زينب الحويرص,1985.0,1990.0,medium,True
زينة الداودية,2005.0,2010.0,high,True
سابين,2004.0,2010.0,medium,True
سادات وسيفتى,2009.0,2010.0,high,True
سارة,2008.0,2010.0,low,True
سارة الهاني,2006.0,2010.0,medium,True
سارة عثمان,2003.0,2010.0,low,True
سارة فرح,2011.0,2010.0,medium,True
سارة يوسف,2007.0,2010.0,low,True
ساري العساف,2015.0,2010.0,medium,True
سارية السواس,1998.0,2010.0,high,True
سالار,2008.0,2010.0,low,True
سالم البصري,1995.0,2000.0,low,True
سالم الرميثي,2005.0,2010.0,medium,True
سالم الشايع,2007.0,2010.0,medium,True
سالم العريمي,2003.0,2000.0,low,True
سالى خليل,2005.0,2000.0,high,True
سامح الكوراشي,2012.0,2010.0,medium,True
سامر السعيد,1998.0,2000.0,low,True
سامو زين,2002.0,2000.0,high,True
سامي المغربي,1975.0,1980.0,high,True
سامي كاتب,1995.0,2000.0,low,True
سامي يوسف,2000.0,2000.0,high,True
ساندي,2006.0,2010.0,high,True
ستار سعد,2014.0,2010.0,high,True
سجاد الامير,2015.0,2020.0,medium,True
سحاب,2005.0,2010.0,low,True
سراج عمر,1965.0,1970.0,high,True
سرمد الزيدي,2015.0,2020.0,low,True
سرمد السري,2015.0,2020.0,low,True
سرمد الفارس,2010.0,2010.0,medium,True
سعاد احمد,1948.0,1950.0,high,True
سعاد الربيعي,1965.0,1970.0,medium,True
سعاد حسني,1959.0,1960.0,high,True
سعاد محمد,1943.0,1950.0,high,True
سعد ابراهيم,1985.0,1990.0,medium,True
سعد احمد الحاج,1975.0,1980.0,medium,True
سعد الصغير,2003.0,2000.0,high,True
سعد العطار,2008.0,2010.0,medium,True
سعد العماني,1995.0,2000.0,medium,True
سعد الفهد,1997.0,2000.0,high,True
سعد جمعة,1980.0,1990.0,high,True
سعد خالد,2005.0,2010.0,medium,True
سعد رمضان,2007.0,2010.0,high,True
سعد علوش,,,low,True
سعد لمجرد,2007.0,2010.0,high,True
سعدون الشامي,1980.0,1990.0,low,True
سعدون جابر,1970.0,1980.0,high,True
سعدي توفيق,1990.0,1990.0,medium,True
سعدي سعد,1985.0,1990.0,medium,True
سعود ابو سلطان,2003.0,2000.0,high,True
سعود الجاسم,2000.0,2010.0,medium,True
سعيد الخوار,1990.0,2000.0,low,True
سعيد الدهماني,2000.0,2010.0,medium,True
سعيد الكتبي,2000.0,2010.0,medium,True
سلام الشاعر,2000.0,2010.0,low,True
سلام حسن,2000.0,2010.0,low,True
سلامة العبد الله,1960.0,1970.0,high,True
سلطان الراشد,1990.0,2000.0,medium,True
سلطان السليماني,2000.0,2010.0,medium,True
سلطان الشحي,2010.0,2020.0,medium,True
سلطان العماني,2013.0,2010.0,high,True
سلطان الكعبي,2015.0,2010.0,medium,True
سلطان خليفة,1998.0,2000.0,high,True
سلطان سيف,2017.0,2020.0,medium,True
سلطان صالح,2012.0,2010.0,medium,True
سلمان حميد,2008.0,2010.0,medium,True
سلمى رشيد,2013.0,2010.0,high,True
سلوان الجميلي,2005.0,2000.0,low,True
سلوان الناصري,2003.0,2000.0,low,True
سلوم السلوم,2018.0,2020.0,medium,True
سلوى عمر,1990.0,1990.0,medium,True
سلوي الخاطر,1970.0,1980.0,low,True
سليم عساف,2008.0,2010.0,high,True
سليمان الملا,1970.0,1980.0,high,True
سمر,1998.0,2000.0,medium,True
سمر الحسيني,2010.0,2010.0,medium,True
سمسم شهاب,1995.0,2000.0,high,True
سمية,2000.0,2000.0,medium,True
سمية الخشاب,2005.0,2000.0,high,True
سمية حسن,1970.0,1980.0,high,True
سمير الإسكندراني,1958.0,1960.0,high,True
سمير يزبك,1965.0,1970.0,high,True
سميرة توفيق,1952.0,1960.0,high,True
سميرة دنيا,1980.0,1990.0,medium,True
سميرة سعيد,1977.0,1990.0,high,True
سناء محمد,2008.0,2010.0,medium,True
سهر ابو شروف,2014.0,2010.0,high,True
سهى المصري,2016.0,2010.0,high,True
سهى غريب,2005.0,2010.0,medium,True
سهيلة بن لشهب,2015.0,2010.0,high,True
سوزان تميم,1997.0,2000.0,high,True
سوسن الحسن,2005.0,2010.0,medium,True
سوسن النجار,1992.0,1990.0,medium,True
سوما,2006.0,2000.0,high,True
سومر عيسى,2003.0,2010.0,medium,True
سيد خليفه,1950.0,1960.0,high,True
سيد درويش,1910.0,,high,True
سيد مكاوي,1952.0,1970.0,high,True
سيروان حسن,2007.0,2010.0,medium,True
سيرين عبد النور,2004.0,2000.0,high,True
سيف الامير,2010.0,2010.0,high,True
سيف الجامعه,1985.0,1990.0,medium,True
سيف الضامي,2005.0,2010.0,high,True
سيف العراقي,2000.0,2010.0,low,True
سيف القائد,2005.0,2010.0,high,True
سيف جواد,2010.0,2010.0,high,True
سيف خيون,2005.0,2010.0,high,True
سيف سعد,2000.0,2010.0,low,True
سيف عامر,2010.0,2010.0,high,True
سيف عبد الجبار,2010.0,2010.0,high,True
سيف كريم,2010.0,2010.0,high,True
سيف مجدي,2018.0,2020.0,high,True
سيف منصور,2010.0,2010.0,high,True
سيف نبيل,2015.0,2010.0,high,True
سيمور جلال,2014.0,2010.0,high,True
سيمون ساكا,2010.0,2010.0,medium,True
سينا الفارس,2015.0,2010.0,medium,True
شادي الاسمر,2005.0,2000.0,low,True
شادي سعيد,2010.0,2010.0,high,True
شادية,1950.0,1960.0,high,True
شارموفرز,2012.0,2010.0,high,True
شاهيناز,2004.0,2000.0,high,True
شاهيناز ضياء,1999.0,2000.0,medium,True
شبيك لبيك,2015.0,2010.0,medium,True
شحتة كاريكا,2010.0,2010.0,high,True
شذى,2003.0,2000.0,high,True
شذى حسون,2007.0,2010.0,high,True
شرحبيل احمد,1963.0,1970.0,high,True
شروق سمير,2010.0,2010.0,low,True
شريف اسماعيل,1998.0,2000.0,medium,True
شريف اشرف,2000.0,2010.0,low,True
شريف الوسيمي,2000.0,2010.0,low,True
شريف حسن,2000.0,2010.0,low,True
شريف حمدي,2000.0,2010.0,low,True
شعبان البغبغان,1990.0,2000.0,medium,True
شعبان عبد الرحيم,1990.0,2000.0,high,True
شكر الله عزالدين,1980.0,1990.0,medium,True
شما حمدان,2012.0,2010.0,high,True
شمة حمدان,2012.0,2010.0,high,True
شمس,2000.0,2000.0,high,True
شمس الشاعر,2015.0,2010.0,low,True
شمس المصلاوي,2015.0,2010.0,low,True
شهد,2015.0,2010.0,low,True
شهد الشمري,2010.0,2010.0,medium,True
شهد برمدا,2013.0,2010.0,high,True
شيخة العسلاوي,2015.0,2010.0,low,True
شيراز,2005.0,2010.0,medium,True
شيرين احمد عبد الوهاب,2002.0,2000.0,high,True
شيرين اللجمي,2015.0,2010.0,low,True
شيرين وجدي,2015.0,2010.0,low,True
شيرين يحيى,2014.0,2010.0,medium,True
شيكو,2010.0,2010.0,medium,True
شيما شريف,2005.0,2010.0,low,True
شيماء اباتراب,2005.0,2010.0,low,True
شيماء الشايب,2005.0,2010.0,high,True
شيماء الكويتية,2010.0,2010.0,medium,True
شيماء المغربي,2019.0,2020.0,medium,True
شيماء سعيد,1999.0,2000.0,high,True
شيماء هلالي,2007.0,2010.0,high,True
شيمي,2018.0,2020.0,high,True
صابر,2015.0,2020.0,medium,True
صابر الرباعي,1997.0,2000.0,high,True
صالح الحريبي,1975.0,1980.0,high,True
صالح السيد,1978.0,1980.0,medium,True
صالح الضي,1968.0,1970.0,medium,True
صالح العبد الله,2005.0,2010.0,low,True
صالح اليامي,2012.0,2010.0,high,True
صالح سعد,1985.0,1990.0,medium,True
صالح عبد الحي,1925.0,1950.0,high,True
صباح,1945.0,1960.0,high,True
صباح العطار,2000.0,2010.0,medium,True
صباح اللامي,1960.0,1970.0,medium,True
صباح فخري,1950.0,1970.0,high,True
صباح محمود,2000.0,2010.0,medium,True
صديق عباس,1970.0,1980.0,medium,True
صفوت الجيلي,1990.0,2000.0,medium,True
صلاح البحر,1990.0,2000.0,high,True
صلاح الزدجالي,2000.0,2000.0,high,True
صلاح بن البادية,1950.0,1970.0,high,True
صلاح حسن,2000.0,2000.0,medium,True
صلاح خليفه,1985.0,1990.0,medium,True
صلاح محمد عيسى,1965.0,1970.0,medium,True
صلاح مصطفى,1970.0,1980.0,medium,True
صهيب السامر,2015.0,2020.0,medium,True
ضاحي,2005.0,2010.0,low,True
ضاهر حبيب,1995.0,2000.0,low,True
ضاوى,2000.0,2010.0,medium,True
ضياء الدين,2010.0,2010.0,medium,True
ضياء السفير,2015.0,2020.0,medium,True
ضياء الميالي,2005.0,2010.0,medium,True
ضياء حسين,1970.0,1980.0,medium,True
ضياء شاهين,2000.0,2000.0,medium,True
طارق ابراهيم,2000.0,2010.0,medium,True
طارق الاطرش,1990.0,2000.0,medium,True
طارق الشيخ,1990.0,2000.0,high,True
طارق المرهون,1990.0,2000.0,low,True
طارق المنهالي,2000.0,2010.0,medium,True
طارق النحات,2000.0,2010.0,medium,True
طارق سليمان,1990.0,2000.0,medium,True
طارق عبد الحكيم,1950.0,1960.0,high,True
طارق عيسى,2005.0,2010.0,medium,True
طاهر الأحسائي,1950.0,1960.0,high,True
طاهر العجيلي,1995.0,2000.0,low,True
طاهر مصطفى,1945.0,1960.0,high,True
طاهرة حماميش,2007.0,2010.0,high,True
طلال الصراف,1990.0,2000.0,medium,True
طلال سلامة,1988.0,1990.0,high,True
طلال مداح,1959.0,1970.0,high,True
طه سليمان,2005.0,2010.0,high,True
طونى كيوان,1985.0,1990.0,medium,True
طوني عيد,1998.0,2000.0,medium,True
طوني قطان,2004.0,2010.0,high,True
طيف سعد,2008.0,2010.0,medium,True
ظافر الغالي,2015.0,2010.0,medium,True
عائشة الفلاتية,1940.0,1950.0,high,True
عابدة الشيخ,1970.0,1980.0,low,True
عادل ابراهيم,2005.0,2010.0,medium,True
عادل الاديب,2007.0,2010.0,medium,True
عادل التركي,2012.0,2010.0,medium,True
عادل الماس,1999.0,2000.0,medium,True
عادل المختار,1975.0,1980.0,low,True
عادل خميس,1985.0,1990.0,medium,True
عادل عبد الرب,1990.0,2000.0,medium,True
عادل عقلة,1990.0,2000.0,medium,True
عادل محمود,1990.0,2000.0,high,True
عادل مسلم,1980.0,1990.0,medium,True
عارف الزباني,1970.0,1980.0,medium,True
عاصم البنا,1975.0,1980.0,high,True
عاصي الحلاني,1988.0,1990.0,high,True
عاطف السماني,1980.0,1990.0,high,True
عافية حسن,1960.0,1970.0,medium,True
عامر رافت,2000.0,2010.0,medium,True
عامر زيان,2008.0,2010.0,high,True
عامر زين,2005.0,2010.0,medium,True
عامر غريبشة,2012.0,2010.0,low,True
عامر منيب,1990.0,2000.0,high,True
عامرغريب,2012.0,2010.0,low,True
عايدة الأيوبي,1988.0,1990.0,high,True
عايدة خالد,1985.0,1990.0,medium,True
عايشة المرطة,1940.0,1950.0,high,True
عايض,2010.0,2020.0,high,True
عايل,2010.0,2020.0,high,True
عبادي الجوهر,1960.0,1990.0,high,True
عبادي الماجد,1990.0,2000.0,low,True
عباس ابراهيم,2000.0,2000.0,high,True
عباس الامير,2010.0,2010.0,high,True
عبد الباسط حموده,1980.0,2000.0,high,True
عبد الحليم حافظ,1950.0,1960.0,high,True
عبد الدافع عثمان,1970.0,1980.0,medium,True
عبد الرب ادريس,1970.0,1980.0,high,True
عبد الرحمن الحارثي,2005.0,2010.0,low,True
عبد الرحمن الحريبي,2005.0,2010.0,low,True
عبد الرحمن الحسن,2005.0,2010.0,low,True
عبد الرحمن المزيعل,2008.0,2010.0,medium,True
عبد الرحمن المفرج,2005.0,2010.0,low,True
عبد الرحمن النخيلان,1980.0,1990.0,medium,True
عبد الرحمن الوهيب,2015.0,2020.0,high,True
عبد الرحمن حاتم,1995.0,2000.0,high,True
عبد الرحمن عبد الله,1960.0,1970.0,high,True
عبد الرحمن محمد,2012.0,2010.0,high,True
عبد السلام الزايد,2014.0,2010.0,high,True
عبد السلام محمد,2016.0,2010.0,medium,True
عبد العزيز الاسود,2010.0,2010.0,medium,True
عبد العزيز الدوسري,2010.0,2010.0,medium,True
عبد العزيز الشايجي,2010.0,2010.0,medium,True
عبد العزيز الشريف,2009.0,2010.0,high,True
عبد العزيز الضويحي,1980.0,1990.0,medium,True
عبد العزيز العميري,2000.0,2010.0,medium,True
عبد العزيز المبارك,1970.0,1980.0,high,True
عبد العزيز المسعود,2010.0,2010.0,medium,True
عبد العزيز المنصور,2000.0,2010.0,medium,True
عبد العزيز المهيري,2005.0,2010.0,medium,True
عبد العزيز الوايس,2008.0,2010.0,high,True
عبد العزيز الويس,2008.0,2010.0,high,True
عبد العزيز عبد الرحمن,2012.0,2010.0,medium,True
عبد العزيز عبد الله,2005.0,2010.0,medium,True
عبد العزيز فيصل,2008.0,2010.0,medium,True
عبد العزيز محمد داؤود,1950.0,1960.0,high,True
عبد العزيز يوسف,2005.0,2010.0,medium,True
عبد الفتاح الجريني,2007.0,2010.0,high,True
عبد القادر الاحمد,1995.0,2000.0,low,True
عبد القادر الهدهود,2000.0,2000.0,medium,True
عبد الكريم الكابلي,1960.0,1970.0,high,True
عبد الكريم عبد القادر,1970.0,1980.0,high,True
عبد الله ابل,1985.0,1990.0,medium,True
عبد الله ال مخلص,2015.0,2020.0,high,True
عبد الله البدر,2010.0,2010.0,high,True
عبد الله البلوشي,2005.0,2010.0,medium,True
عبد الله البوب,2015.0,2020.0,high,True
عبد الله الرويشد,1980.0,1990.0,high,True
عبد الله السالم,1988.0,1990.0,medium,True
عبد الله السعيد,1980.0,1980.0,high,True
عبد الله الصريخ,1998.0,2000.0,medium,True
عبد الله العاجل,2004.0,2010.0,high,True
عبد الله الفلاسي,2018.0,2020.0,high,True
عبد الله الفيلكاوي,2017.0,2020.0,high,True
عبد الله القرني,1983.0,1990.0,high,True
عبد الله الهميم,2018.0,2020.0,medium,True
عبد الله بالخير,1978.0,1980.0,high,True
عبد الله تقي,1992.0,2000.0,medium,True
عبد الله جمعه,1975.0,1980.0,medium,True
عبد الله دشتي,2010.0,2010.0,medium,True
عبد الله رشاد,1988.0,1990.0,high,True
عبد الله سالم,2005.0,2010.0,medium,True
عبد الله طارق,2015.0,2020.0,medium,True
عبد الله عبد العزيز,2012.0,2010.0,high,True
عبد الله فضالة,1945.0,1950.0,medium,True
عبد الله فضاله,1945.0,1950.0,high,True
عبد الله محمد,1995.0,2000.0,medium,True
عبد الله نايف,2018.0,2020.0,medium,True
عبد المجيد ابراهيم,2010.0,2010.0,medium,True
عبد المجيد الدوسري,1970.0,1980.0,low,True
عبد المجيد الشويش,2000.0,2010.0,medium,True
عبد المجيد عبد الله,1980.0,2000.0,high,True
عبد المحسن المهنا,1960.0,1970.0,high,True
عبد المنعم الخالدي,1970.0,1980.0,medium,True
عبد المنعم العامري,2000.0,2010.0,medium,True
عبد الهادي بالخياط,1960.0,1970.0,high,True
عبد الهادي حسين,1990.0,2000.0,medium,True
عبد الوهاب الدوكالي,1950.0,1960.0,high,True
عبدلله الوسمي,2005.0,2010.0,high,True
عبده سليم,2005.0,2010.0,medium,True
عبود خواجه,1985.0,2000.0,high,True
عبود دياب,2005.0,2010.0,high,True
عبير فضة,2000.0,2000.0,medium,True
عبير نعمة,2005.0,2010.0,high,True
عتاب,1965.0,1970.0,high,True
عثمان الشفيع,1945.0,1960.0,high,True
عثمان حسين,1945.0,1960.0,high,True
عثمان مصطقى,1970.0,1980.0,medium,True
عدنان,2000.0,2000.0,high,True
عدنان الشامي,2010.0,2010.0,high,True
عدنان بريسم,1990.0,2000.0,medium,True
عدي المصور,2010.0,2010.0,medium,True
عريب,2005.0,2010.0,medium,True
عزازي,1995.0,2000.0,high,True
عزيز الرسام,2005.0,2010.0,medium,True
عزيز الشافعي,1995.0,2000.0,low,True
عزيزة جلال,1975.0,1980.0,high,True
عصام رجي,1965.0,1970.0,high,True
عصام عارف,2005.0,2010.0,medium,True
عصام كاريكا,1998.0,2000.0,high,True
عصام كمال,2005.0,2010.0,medium,True
عصام محمد نور,2002.0,2010.0,high,True
عصام يوسف,2008.0,2010.0,medium,True
عفاف راضي,1969.0,1970.0,high,True
عقاف راضى,1969.0,1970.0,high,True
عقيل العربى,2008.0,2010.0,medium,True
علاء الامن,2007.0,2010.0,low,True
علاء الجوهري,2009.0,2010.0,high,True
علاء الدين عواشي,2010.0,2020.0,medium,True
علاء الشاعر,2000.0,2010.0,medium,True
علاء الكردي,2000.0,2010.0,medium,True
علاء زلزلي,1990.0,2000.0,high,True
علاء غريب,2000.0,2010.0,medium,True
علاء كامل,2000.0,2010.0,medium,True
على ابراهيم اللحو,1970.0,1980.0,high,True
على الحجار,1970.0,1980.0,high,True
على الحميد,2000.0,2010.0,medium,True
على بن محمد,1980.0,1990.0,high,True
على جبار,2000.0,2010.0,medium,True
على حميدة,1988.0,1990.0,high,True
على سليمان,2000.0,2010.0,low,True
على عبد الجبار,2000.0,2010.0,medium,True
علي الالفي,2010.0,2010.0,medium,True
علي البغدادي,2010.0,2010.0,medium,True
علي التركي,2010.0,2010.0,medium,True
علي الحميد,2000.0,2010.0,high,True
علي الدلفي,2010.0,2010.0,high,True
علي الديك,1998.0,2000.0,high,True
علي الراشد,2000.0,2010.0,high,True
علي الزاهر,2005.0,2010.0,medium,True
علي السالم,2000.0,2010.0,medium,True
علي السقيد,1970.0,1970.0,high,True
علي السندي,2005.0,2010.0,medium,True
علي الشاعري,2000.0,2010.0,medium,True
علي الشاوي,2008.0,2010.0,low,True
علي العزيز,2010.0,2010.0,high,True
علي العيساوي,2005.0,2010.0,medium,True
علي الغالي,2005.0,2010.0,medium,True
علي الفراتي,2005.0,2010.0,medium,True
علي الفريداوي,2015.0,2020.0,low,True
علي القيسي,2015.0,2020.0,low,True
علي المرواني,2010.0,2010.0,low,True
علي المغربي,1980.0,1990.0,low,True
علي النرجسي,2010.0,2010.0,low,True
علي الهلباوي,1960.0,1970.0,medium,True
علي الياس,2005.0,2010.0,medium,True
علي بدر,2015.0,2020.0,low,True
علي جاسم,2015.0,2020.0,high,True
علي جبار,2010.0,2020.0,medium,True
علي جوزيف,2010.0,2020.0,medium,True
علي حاتم,2010.0,2020.0,low,True
علي حسين,2010.0,2020.0,medium,True
علي حسين الصادق,2000.0,2010.0,medium,True
علي حليم,2000.0,2010.0,high,True
علي خضير,2010.0,2020.0,medium,True
علي خميس,2010.0,2020.0,medium,True
علي خير الله,2010.0,2020.0,low,True
علي خيري,2010.0,2020.0,medium,True
علي رشيد,1990.0,2000.0,medium,True
علي رعد,2000.0,2010.0,low,True
علي زوره,2000.0,2010.0,high,True
علي سالم,1995.0,2000.0,medium,True
علي شداد,2005.0,2010.0,medium,True
علي صابر,2000.0,2010.0,high,True
علي عبد الخالق,1990.0,2000.0,medium,True
علي عبد الستار,1980.0,1990.0,high,True
علي عبد الكريم,1985.0,1990.0,high,True
علي عبد الله,1995.0,2000.0,medium,True
علي عبد الوهاب,2010.0,2010.0,medium,True
علي عرنوص,2010.0,2010.0,high,True
علي عسكر,2010.0,2010.0,medium,True
علي غالي,2010.0,2010.0,medium,True
علي فارس,2010.0,2010.0,medium,True
علي فاروق,2000.0,2010.0,high,True
علي كرداي,2010.0,2010.0,medium,True
علي محسن,2010.0,2010.0,medium,True
علي نجم,2010.0,2010.0,high,True
علي نزار,2010.0,2010.0,medium,True
علي هادي,2015.0,2020.0,medium,True
علي يوسف,2016.0,2010.0,high,True
عليا التونسية,1970.0,1970.0,high,True
عماد اباظة,1993.0,1990.0,medium,True
عماد احمد الطيب,1990.0,1990.0,medium,True
عماد الاسمر,2015.0,2010.0,medium,True
عماد الريحاني,1985.0,1980.0,high,True
عماد الملوك,2018.0,2020.0,medium,True
عماد بنعمر,2015.0,2010.0,medium,True
عمار,2005.0,2000.0,low,True
عمار الحبيب,2008.0,2010.0,medium,True
عمار الخطيب,2009.0,2010.0,low,True
عمار الديراني,2007.0,2010.0,low,True
عمار الديك,2004.0,2010.0,high,True
عمار السنوسي,1988.0,1990.0,medium,True
عمار العزكي,2015.0,2010.0,high,True
عمار العلي,2008.0,2010.0,medium,True
عمار الكوفي,2015.0,2010.0,high,True
عمار قيس,2012.0,2010.0,high,True
عمار مجبل,2009.0,2010.0,medium,True
عمر احساس,1975.0,1980.0,medium,True
عمر الرحال,2008.0,2010.0,high,True
عمر المرزوقي,2009.0,2010.0,medium,True
عمر باسل,2013.0,2010.0,high,True
عمر ثامر,2007.0,2010.0,medium,True
عمر جعفر,1978.0,1980.0,medium,True
عمر جلكر,2005.0,2010.0,medium,True
عمر خالد,2008.0,2010.0,medium,True
عمر عبد اللات,1989.0,1990.0,high,True
عمر فاروق,2015.0,2010.0,high,True
عمر كمال,2017.0,2020.0,high,True
عمر محمد,2010.0,2010.0,medium,True
عمرسعد,2012.0,2010.0,medium,True
عمرو ابو النجا,2008.0,2010.0,low,True
عمرو الشاذلي,2014.0,2010.0,low,True
عمرو دياب,1983.0,1990.0,high,True
عمرو لطفي,2005.0,2000.0,low,True
عمرو مصطفى,2004.0,2000.0,high,True
عنود الاسمر,2005.0,2000.0,medium,True
عوض الدوخي,1950.0,1960.0,high,True
عوض طنوس,1955.0,1960.0,medium,True
عيبر نعمة,2005.0,2010.0,high,True
عيسى الاحسائي,1960.0,1970.0,high,True
عيسى العيسى,1980.0,1990.0,medium,True
عيسى الكبيسي,2000.0,2010.0,high,True
عيسى المرزوق,2010.0,2010.0,high,True
عيسى الوعد,2015.0,2020.0,high,True
عيسي عبد الله,1995.0,2000.0,medium,True
عيضه المنهالي,1998.0,2000.0,high,True
غاده رجب,1988.0,1990.0,high,True
غازي الامير,2012.0,2010.0,high,True
غدي,2000.0,2000.0,medium,True
غريب ال مخلص,2015.0,2010.0,high,True
غريد الشاطئ,1960.0,1970.0,high,True
غزاي بن سحاب,2015.0,2010.0,medium,True
غزل,2005.0,2010.0,high,True
غزلان,2000.0,2000.0,high,True
غزوان الغازي,2010.0,2010.0,high,True
غزوان الفهد,2014.0,2010.0,high,True
غسان صليبا,1980.0,1980.0,high,True
غفران فتوحي,2015.0,2020.0,medium,True
غندرة,1980.0,1990.0,low,True
غيث بعن,2005.0,2010.0,low,True
غيث محمد,2010.0,2010.0,high,True
فؤاد الكبسي,1985.0,1990.0,high,True
فؤاد النابوت,2010.0,2010.0,medium,True
فؤاد عبد الواحد,2010.0,2010.0,high,True
فادي النجار,2000.0,2010.0,low,True
فادي الوسيم,2005.0,2010.0,low,True
فادي حرب,2000.0,2000.0,high,True
فادي فلاح,2000.0,2010.0,medium,True
فارس العبد الله,1990.0,2000.0,medium,True
فارس المدني,2000.0,2010.0,medium,True
فارس كرم,1990.0,2000.0,high,True
فارس مهدي,1990.0,2000.0,high,True
فاروق العبد الله,1990.0,2000.0,medium,True
فاروق الكمالي,1970.0,1980.0,high,True
فاضل المزروعي,2010.0,2010.0,high,True
فاطمة زهرة العين,1980.0,1990.0,high,True
فاطمة عيد,1970.0,1980.0,high,True
فايا يونان,2014.0,2010.0,high,True
فايز السعيد,1998.0,2000.0,high,True
فايزة احمد,1950.0,1960.0,high,True
فتحية احمد,1920.0,1950.0,medium,True
فتى رحيمه,1975.0,1980.0,high,True
فخراني,2008.0,2010.0,medium,True
فدوى المالكي,1999.0,2000.0,high,True
فراس الخليل,2005.0,2010.0,high,True
فراس العبد الله,2015.0,2020.0,medium,True
فراس حربي,2010.0,2010.0,medium,True
فراس سعد,1998.0,2000.0,medium,True
فرح استانبولي,2012.0,2010.0,low,True
فرح يوسف,2013.0,2010.0,high,True
فرسان,1988.0,1990.0,medium,True
فرقة أسفلت,2004.0,2000.0,medium,True
فرقة جيتارا,1997.0,2000.0,high,True
فرقة ميامي,1989.0,1990.0,high,True
فرقة ميلودك,2008.0,2010.0,low,True
فرقة وسط البلد,2000.0,2000.0,high,True
فرقه عقد الجلاد,1987.0,1990.0,high,True
فريد الاطرش,1935.0,1950.0,high,True
فريد البابلي,2000.0,2010.0,medium,True
فريق ام تي ام,2000.0,2000.0,high,True
فضل شاكر,1998.0,2000.0,high,True
فطومة,1985.0,1990.0,high,True
فلة,1985.0,1990.0,high,True
فهد ابراهيم,2005.0,2010.0,medium,True
فهد السعد,2005.0,2010.0,medium,True
فهد الشهراني,2010.0,2010.0,medium,True
فهد العمري,2005.0,2010.0,medium,True
فهد القصير,2010.0,2010.0,low,True
فهد الكبيسي,2000.0,2010.0,high,True
فهد بلاسم,2010.0,2010.0,medium,True
فهد بن سعيد,1960.0,1970.0,high,True
فهد بن فصلا,2010.0,2010.0,high,True
فهد محمد,2000.0,2010.0,low,True
فهد نوري,2000.0,2010.0,high,True
فواز الرجيب,1980.0,1990.0,medium,True
فواز المرزوق,2000.0,2010.0,low,True
فوزي محسون,1950.0,1960.0,high,True
فيروز,1955.0,1970.0,high,True
فيروز اركان,2005.0,2010.0,medium,True
فيروز كراوية,2010.0,2010.0,medium,True
فيصل الجاسم,2000.0,2000.0,medium,True
فيصل الراشد,1998.0,2000.0,high,True
فيصل الزهراني,2015.0,2010.0,medium,True
فيصل السعد,2002.0,2000.0,medium,True
فيصل العبد الله,2012.0,2010.0,low,True
فيصل العتيبي,2015.0,2010.0,low,True
فيصل عبد الكريم,2010.0,2010.0,high,True
فيصل علوي,1960.0,1970.0,high,True
فيفان مراد,2005.0,2010.0,medium,True
فيلو وتونى,2012.0,2010.0,high,True
قائد حلمي,1990.0,2000.0,medium,True
قاسم السلطان,2010.0,2010.0,high,True
قحطان العطار,1975.0,1980.0,high,True
قسمة,1980.0,1990.0,medium,True
قصي,2005.0,2010.0,high,True
قصي حاتم العراقي,2010.0,2010.0,high,True
قصي خضر,2005.0,2010.0,high,True
قصي داود,2010.0,2010.0,high,True
قمر,2000.0,2000.0,high,True
قيس الغريب,2010.0,2010.0,medium,True
قيس هشام,2010.0,2010.0,high,True
قيصر الرماس,2010.0,2010.0,high,True
قيصر عبد الجبار,2010.0,2010.0,medium,True
كاتيا حرب,1990.0,2000.0,high,True
كارلوس,1990.0,2000.0,high,True
كارم محمود,1950.0,1950.0,high,True
كارمن سليمان,2010.0,2010.0,high,True
كارول سماحة,1999.0,2000.0,high,True
كارول صقر,2000.0,2000.0,high,True
كاريوكي,,,low,True
كاظم الساهر,1987.0,1990.0,high,True
كامل يوسف,2010.0,2010.0,high,True
كاميليا ورد,2017.0,2010.0,high,True
كايروكي,2003.0,2010.0,high,True
كرار زايد,2015.0,2010.0,medium,True
كرار صلاح,2015.0,2010.0,medium,True
كرار محمد,2018.0,2020.0,medium,True
كرامه مرسال,1970.0,1980.0,high,True
كريستينا صوايا,2001.0,2000.0,high,True
كريم العراقي,2000.0,2010.0,low,True
كريم المهندس,2012.0,2010.0,medium,True
كريم حجاج,2015.0,2010.0,medium,True
كريم صالح,2010.0,2010.0,low,True
كريم محسن,2007.0,2010.0,high,True
كريم نجيب,2009.0,2010.0,medium,True
كريم يوسف,2018.0,2020.0,medium,True
كلودا الشمالي,1990.0,1990.0,high,True
كلوديا,2003.0,2000.0,medium,True
كلوديا حنا,2005.0,2000.0,high,True
كمال الجريسي,1970.0,1970.0,high,True
كمال الرسام,2005.0,2010.0,medium,True
كنان,2013.0,2010.0,medium,True
لؤي,2002.0,2000.0,high,True
لؤي حسان,2008.0,2010.0,medium,True
لؤي عدنان,2010.0,2010.0,medium,True
لؤي نانا,2007.0,2010.0,medium,True
لارا مراد,2009.0,2010.0,high,True
لبني كمر,2010.0,2010.0,medium,True
لجين الحنين,2010.0,2010.0,medium,True
لطفى بو شناق,1980.0,1990.0,high,True
لطيفة,1980.0,1990.0,high,True
لمياء الزايدي,2010.0,2010.0,medium,True
لمياء جمال,2000.0,2010.0,medium,True
لورا خليل,1990.0,2000.0,high,True
لولو,2010.0,2020.0,medium,True
لونا فارس,2010.0,2010.0,medium,True
ليال عبود,2000.0,2010.0,high,True
ليث ابو جودة,2014.0,2010.0,high,True
ليث العراقي,2010.0,2010.0,medium,True
ليث كمال,2010.0,2010.0,medium,True
ليلى غفران,1990.0,1990.0,high,True
ليلى مراد,1930.0,1950.0,high,True
ليلي اسكندر,2006.0,2000.0,high,True
لين الحايك,2016.0,2010.0,high,True
مأمون النطاح,2010.0,2010.0,medium,True
مؤيد الاصيل,2010.0,2010.0,medium,True
ماجد الحميد,2010.0,2010.0,medium,True
ماجد المدني,2000.0,2010.0,medium,True
ماجد المهندس,1990.0,2010.0,high,True
ماجد رضا,2010.0,2010.0,medium,True
ماجد زمان,2010.0,2010.0,medium,True
ماجد عادل,2000.0,2010.0,medium,True
ماجدة الرومي,1970.0,1980.0,high,True
مادلين مطر,1990.0,2000.0,high,True
مارسيل خليفة,1970.0,1980.0,high,True
ماري سعيد,1990.0,2000.0,low,True
ماري سليمان,2000.0,2000.0,medium,True
ماريا,2003.0,2000.0,high,True
ماريتا الحلاني,2015.0,2010.0,high,True
مازن الهاجري,2014.0,2010.0,medium,True
مالك بن يحيى,2016.0,2010.0,medium,True
ماهر,2005.0,2000.0,low,True
ماهر احمد,2009.0,2010.0,high,True
ماهر احمد وحسام الماجد,2012.0,2010.0,high,True
ماهر جمال,2015.0,2010.0,medium,True
ماهر زين,2009.0,2010.0,high,True
ماهر عامر,2014.0,2010.0,medium,True
مايا بخش,2010.0,2010.0,high,True
مايا دياب,2008.0,2010.0,high,True
مايا نصري,2000.0,2000.0,high,True
مايد عبد الله,2015.0,2010.0,medium,True
مايكل ساجي,2015.0,2010.0,medium,True
مبارك,2005.0,2010.0,low,True
متي توزة,2000.0,2010.0,medium,True
مجاهد هشام,2010.0,2010.0,low,True
مجد القاسم,1995.0,2000.0,high,True
مجدي خوري,2005.0,2010.0,medium,True
مجدي سعد,1995.0,2000.0,medium,True
مجذوب اونسة,1970.0,1980.0,medium,True
مجيد الرمح,1985.0,1990.0,medium,True
محرم فؤاد,1957.0,1960.0,high,True
محسن السيد,1998.0,2000.0,low,True
محسن الفراتي,1995.0,2000.0,medium,True
محمد أوليا,2005.0,2010.0,medium,True
محمد احمد عوض,1948.0,1960.0,high,True
محمد اسامة,2010.0,2010.0,high,True
محمد اسكندر,2008.0,2010.0,high,True
محمد ال مسعود,2005.0,2010.0,medium,True
محمد الامين,1960.0,1970.0,high,True
محمد الاهدل,2008.0,2010.0,medium,True
محمد البغدادى,2000.0,2000.0,medium,True
محمد البكري,1990.0,1990.0,low,True
محمد البلوشى,1995.0,2000.0,medium,True
محمد الترك,2010.0,2010.0,high,True
محمد التومي,2005.0,2000.0,low,True
محمد الحلفي,2005.0,2010.0,high,True
محمد الحلو,1980.0,1990.0,high,True
محمد الحنين,2010.0,2010.0,medium,True
محمد الدريني,2010.0,2010.0,medium,True
محمد الرحال,2010.0,2010.0,medium,True
محمد الزعابي,2000.0,2010.0,high,True
محمد الزيلعي,2010.0,2010.0,low,True
محمد الزين,2010.0,2010.0,low,True
محمد السالم,2010.0,2010.0,high,True
محمد السعيد,2010.0,2010.0,low,True
محمد السلطان,2000.0,2010.0,high,True
محمد السليمان,1990.0,1990.0,high,True
محمد السهلي,2010.0,2010.0,high,True
محمد السومري,2010.0,2010.0,medium,True
محمد الشحي,2010.0,2010.0,high,True
محمد الشرنوبى,2010.0,2010.0,high,True
محمد الشريف,2010.0,2010.0,medium,True
محمد الطوخي,1970.0,1980.0,high,True
محمد العامر,2010.0,2010.0,medium,True
محمد العلي,2010.0,2010.0,high,True
محمد العمشاني,2010.0,2010.0,high,True
محمد الفاتح,2010.0,2010.0,medium,True
محمد الفارس,2010.0,2010.0,medium,True
محمد القحطاني,2010.0,2010.0,low,True
محمد القيسي,2010.0,2010.0,medium,True
محمد الكعبي,2000.0,2000.0,medium,True
محمد المازم,1998.0,2000.0,high,True
محمد المتهالي,2010.0,2010.0,low,True
محمد المجذوب,2008.0,2010.0,high,True
محمد المدلول,2009.0,2010.0,high,True
محمد المسار,2010.0,2010.0,high,True
محمد المسباح,1985.0,1990.0,medium,True
محمد المشعل,2003.0,2010.0,medium,True
محمد الهيدوس,1998.0,2000.0,medium,True
محمد باش,2009.0,2010.0,high,True
محمد بن وردي,2005.0,2010.0,low,True
محمد بو دله,1999.0,2000.0,medium,True
محمد تاج,2007.0,2010.0,low,True
محمد ثاني,1997.0,2000.0,medium,True
محمد جمال,2013.0,2010.0,high,True
محمد جوهر,1995.0,2000.0,medium,True
محمد حسن,2014.0,2010.0,high,True
محمد حسني,2018.0,2020.0,high,True
محمد حقيقي,1970.0,1970.0,medium,True
محمد حليم,2005.0,2010.0,medium,True
محمد حماقي,2003.0,2010.0,high,True
محمد حمام,2018.0,2020.0,high,True
محمد حمدي,2010.0,2010.0,low,True
محمد خضر بشير,1958.0,1960.0,high,True
محمد خلاوى,1995.0,2000.0,medium,True
محمد خليل,2015.0,2010.0,medium,True
محمد رئيس,1985.0,1990.0,low,True
محمد رحمه,2010.0,2010.0,medium,True
محمد رحيم,1998.0,2000.0,high,True
محمد رشاد,2014.0,2010.0,high,True
محمد رشدى,1958.0,1960.0,high,True
محمد رفاعي,2012.0,2010.0,medium,True
محمد رمضان,2015.0,2010.0,high,True
محمد ريفي,2013.0,2010.0,high,True
محمد زمراوي,1960.0,1960.0,medium,True
محمد سعد,2005.0,2000.0,low,True
محمد سعد عبد الله,1975.0,1980.0,medium,True
محمد سعيد,2018.0,2020.0,medium,True
محمد سعيد عمارة,2005.0,2010.0,medium,True
محمد سلامه,2015.0,2020.0,low,True
محمد سلطان,2015.0,2020.0,medium,True
محمد سمير,2008.0,2010.0,high,True
محمد سيف,2015.0,2020.0,low,True
محمد شاهين,2014.0,2010.0,high,True
محمد شحاتة,2015.0,2020.0,low,True
محمد ضياء,2005.0,2010.0,medium,True
محمد طارق,2018.0,2020.0,medium,True
محمد طاهر,2005.0,2010.0,medium,True
محمد عاطف,2000.0,2000.0,medium,True
محمد عباس,2015.0,2010.0,high,True
محمد عبد الجبار,1990.0,2000.0,high,True
محمد عبد السلام,2010.0,2010.0,high,True
محمد عبد الغفار,2015.0,2020.0,medium,True
محمد عبد المطلب,1930.0,1950.0,high,True
محمد عبد المنعم,1998.0,2000.0,high,True
محمد عبد الوهاب,1920.0,1950.0,high,True
محمد عبده,1961.0,1980.0,high,True
محمد عبيد,2005.0,2010.0,low,True
محمد عدلي,2008.0,2010.0,medium,True
محمد عدوية,2000.0,2000.0,high,True
محمد عساف,2013.0,2010.0,high,True
محمد عطية,2004.0,2000.0,high,True
محمد عظيمة,2010.0,2010.0,low,True
محمد علاء,2007.0,2010.0,medium,True
محمد على سندي,1960.0,1970.0,medium,True
محمد عمر,1978.0,1980.0,high,True
محمد عيسي,2005.0,2010.0,medium,True
محمد غازي,2010.0,2010.0,medium,True
محمد فؤاد,1982.0,1990.0,high,True
محمد فاخر,2010.0,2010.0,low,True
محمد فريد,2010.0,2010.0,low,True
محمد فضل شاكر,1998.0,2000.0,medium,True
محمد فوزي,1945.0,1950.0,high,True
محمد قماح,2007.0,2010.0,high,True
محمد قنديل,1948.0,1960.0,high,True
محمد قويدر,2008.0,2010.0,high,True
محمد كرم الله,1965.0,1970.0,high,True
محمد كمال,1990.0,2000.0,medium,True
محمد كيلاني,2000.0,2010.0,high,True
محمد محسن,2010.0,2010.0,high,True
محمد محيي,1990.0,1990.0,high,True
محمد مرشد ناجي,1950.0,1960.0,high,True
محمد مرغني,1980.0,1990.0,high,True
محمد مغربي,2000.0,2010.0,medium,True
محمد ملحم,2010.0,2010.0,medium,True
محمد منير,1970.0,1980.0,high,True
محمد ميرغنى,1960.0,1970.0,high,True
محمد نجم,1980.0,1990.0,medium,True
محمد نور,2000.0,2000.0,high,True
محمد هوبي,2010.0,2010.0,medium,True
محمد وردى,1950.0,1970.0,high,True
محمد يوسف,2010.0,2010.0,medium,True
محمود التركي,2010.0,2010.0,high,True
محمود الحسيني,1990.0,2000.0,high,True
محمود الشاذلي,2010.0,2010.0,medium,True
محمود الشاعري,2000.0,2010.0,medium,True
محمود العسيلى,2000.0,2010.0,high,True
محمود الغياث,2010.0,2010.0,high,True
محمود الكويتي,1950.0,1960.0,high,True
محمود الليثي,2000.0,2010.0,high,True
محمود الياس,2010.0,2010.0,medium,True
محمود انور,1980.0,1990.0,high,True
محمود تاور,1970.0,1980.0,high,True
محمود عبد العزيز,1990.0,1990.0,medium,True
محمود على الحاج,1960.0,1970.0,high,True
محمود قمبر,2010.0,2010.0,medium,True
محمود كاستن,2000.0,2010.0,high,True
محمود ناجى,2015.0,2020.0,high,True
محمود يوسف,2017.0,2020.0,high,True
محى الدين اركويت,1960.0,1970.0,high,True
مدحت صالح,1985.0,1990.0,high,True
مدين,2010.0,2020.0,high,True
مراد صعب,2010.0,2010.0,high,True
مراد ملحم,2015.0,2020.0,high,True
مرام,2000.0,2000.0,high,True
مروان الشانى,2015.0,2020.0,high,True
مروان المرجوشىي,2015.0,2020.0,medium,True
مروان حكمت,2003.0,2010.0,medium,True
مروان خوري,1997.0,2000.0,high,True
مروة سالم,2010.0,2010.0,medium,True
مروة ناجي,2005.0,2010.0,high,True
مروة نصر,2008.0,2010.0,medium,True
مروه احمد,2012.0,2010.0,medium,True
مروى بن صغير,2008.0,2010.0,medium,True
مروي,1999.0,2000.0,high,True
مريم خليفة,2015.0,2010.0,medium,True
مريم صالح,2007.0,2010.0,high,True
مريم عادل,2015.0,2020.0,medium,True
مزعل فرحان,1985.0,1990.0,high,True
مس فاير,2018.0,2020.0,medium,True
مسار اجباري,2007.0,2010.0,high,True
مسار الفهد,2017.0,2020.0,medium,True
مساعد البلوشي,2012.0,2010.0,medium,True
مساعد الرشيدى,1985.0,1990.0,high,True
مستر ضرغام,2016.0,2020.0,medium,True
مسعود كيرتس,2004.0,2010.0,high,True
مشارى المحمد,2015.0,2020.0,medium,True
مشاري العوضي,2000.0,2010.0,high,True
مشاري جمعان,2000.0,2010.0,high,True
مشاري راشد العفاسي,1999.0,2000.0,high,True
مشاعل,2005.0,2010.0,high,True
مشروع ليلى,2008.0,2010.0,high,True
مشعل العروج,2010.0,2010.0,medium,True
مصدق,2010.0,2010.0,low,True
مصطفى ابو رواش,2005.0,2010.0,high,True
مصطفى احمد,1995.0,2000.0,medium,True
مصطفى ادم,2000.0,2010.0,medium,True
مصطفى الحكيم,2005.0,2010.0,medium,True
مصطفى الشعيبي,2010.0,2010.0,low,True
مصطفى جاد,2012.0,2010.0,medium,True
مصطفى جمال,2008.0,2010.0,medium,True
مصطفى حجاج,2014.0,2010.0,high,True
مصطفى حمزة,1965.0,1970.0,medium,True
مصطفى رزق,2007.0,2010.0,high,True
مصطفى سيد احمد,1970.0,1980.0,high,True
مصطفى عاطف,2013.0,2010.0,medium,True
مصطفى عز,2010.0,2010.0,low,True
مصطفى فالح,2015.0,2020.0,medium,True
مصطفى قمر,1990.0,1990.0,high,True
مصطفى كامل,1995.0,2000.0,high,True
مصطفى ماهر,2015.0,2020.0,medium,True
مصطفى محفوظ,2010.0,2010.0,medium,True
مصطفى مضوى,1970.0,1980.0,high,True
مصطفي الربيعي,2010.0,2020.0,medium,True
مصطفي السني,2005.0,2010.0,high,True
مصطفي حجاج,2010.0,2010.0,high,True
مصطفي خيري,2015.0,2020.0,medium,True
مطرف المطرف,2008.0,2010.0,high,True
مظفر الامير,2005.0,2010.0,low,True
معتز الاصيل,2017.0,2010.0,high,True
معتز صباحى,1999.0,2000.0,medium,True
معتز عرب,2015.0,2010.0,medium,True
معن العربي,2010.0,2010.0,medium,True
معين شريف,1998.0,2000.0,high,True
مغربي,2018.0,2020.0,medium,True
مكاوي,2015.0,2010.0,medium,True
ملحم بركات,1962.0,1970.0,high,True
ملحم زين,2003.0,2000.0,high,True
مناد عبده,2005.0,2010.0,low,True
منال الخليل,2008.0,2010.0,medium,True
منال بدر الدين,1995.0,2000.0,low,True
منال حدلي,2012.0,2010.0,medium,True
منال عمارة,2015.0,2010.0,high,True
منال موسى,2014.0,2010.0,high,True
منة عطية,2010.0,2010.0,medium,True
منة هاني,2015.0,2010.0,low,True
منتظر العطار,2018.0,2020.0,high,True
منذر تركي,2005.0,2010.0,medium,True
منصور المهندى,1995.0,2000.0,medium,True
منصور زايد,2005.0,2010.0,high,True
منى الخير,1965.0,1970.0,high,True
منى امرشا,2005.0,2010.0,high,True
منى ميلان,2008.0,2010.0,medium,True
منيل المعن,2010.0,2010.0,medium,True
مهدي العراقي,2005.0,2010.0,medium,True
مهدي بكوش,2005.0,2010.0,medium,True
مهند الزين,2015.0,2020.0,medium,True
مهند الصافي,2018.0,2020.0,medium,True
مهند الصالح,2010.0,2010.0,medium,True
مهند الغامدي,2010.0,2010.0,high,True
مهند المرسومي,2008.0,2010.0,high,True
مهند عدنان,2012.0,2010.0,high,True
مهند محسن,2019.0,2020.0,medium,True
مهيمن,2019.0,2020.0,medium,True
مودي العربي,2017.0,2020.0,low,True
مودي جمال,2015.0,2020.0,high,True
مودي سعيد,2016.0,2020.0,medium,True
موسى,2010.0,2010.0,medium,True
مي حريري,2000.0,2000.0,high,True
مي سليم,2000.0,2000.0,high,True
مي عبد العزيز,2010.0,2010.0,medium,True
مي علي,2010.0,2010.0,medium,True
مي فاروق,2000.0,2010.0,high,True
مي كساب,2000.0,2000.0,high,True
ميادة الحناوي,1970.0,1980.0,high,True
ميار,2000.0,2010.0,low,True
ميثاق السامرائي,2010.0,2010.0,medium,True
ميحد حمد,1988.0,1990.0,high,True
ميرفت وجدي,2010.0,2010.0,medium,True
ميرنا هشام,2016.0,2020.0,high,True
ميريام فارس,2003.0,2000.0,high,True
ميسم نحاس,2002.0,2000.0,high,True
ميسون صدقي,2015.0,2020.0,medium,True
ميشلين خليفه,1998.0,2000.0,high,True
ميلاد يونس,2004.0,2010.0,medium,True
ميليسيا,2006.0,2000.0,high,True
مينا عطا,2014.0,2010.0,high,True
نؤاس اموري,2000.0,2000.0,medium,True
ناتاشا,2008.0,2010.0,high,True
ناجي الاسطا,2007.0,2010.0,high,True
نادر ابو الليف,2008.0,2000.0,high,True
نادر الأتات,2010.0,2010.0,high,True
نادر حمدي,2000.0,2000.0,medium,True
نادر خضر,2005.0,2010.0,medium,True
نادر نور,2002.0,2000.0,high,True
نادي المنسي,2015.0,2020.0,high,True
نادية المنصوري,2010.0,2010.0,medium,True
نادية مصطفى,1980.0,1990.0,high,True
نادين عامر,2012.0,2010.0,high,True
ناريمان,1998.0,2000.0,medium,True
ناصر السعدي,1997.0,2000.0,high,True
ناصر سهيم,2010.0,2010.0,medium,True
ناصر وحمدان,2003.0,2000.0,medium,True
ناصيف زيتون,2010.0,2010.0,high,True
ناظم الغزالي,1950.0,1950.0,high,True
نانسى حوا,2018.0,2020.0,medium,True
نانسى عجاج,2002.0,2000.0,high,True
نانسي بيترو,2018.0,2020.0,medium,True
نانسي زعبلاوي,2005.0,2000.0,high,True
نانسي عجرم,1998.0,2000.0,high,True
ناي سليمان,2015.0,2010.0,medium,True
نايف البدر,1999.0,2000.0,high,True
نايف المميز,2010.0,2010.0,low,True
نبوية الملاك,1975.0,1980.0,medium,True
نبيل,2012.0,2010.0,high,True
نبيل الأديب,2015.0,2010.0,medium,True
نبيل شعيل,1982.0,1990.0,high,True
نبيل عجرم,2022.0,2020.0,high,True
نجاة الصغيرة,1949.0,1960.0,high,True
نجاح سلام,1948.0,1960.0,high,True
نجم عطالله,2014.0,2010.0,medium,True
نجوان,2018.0,2020.0,medium,True
نجوى فاروق,2018.0,2010.0,high,True
نجوى كرم,1988.0,1990.0,high,True
نجيب المقبلي,2003.0,2010.0,medium,True
نداء شرارة,2015.0,2010.0,high,True
ندى القلعة,1997.0,2000.0,high,True
نرمين العراقية,2010.0,2010.0,medium,True
نسرين طافش,2017.0,2010.0,high,True
نسرين هندى,2005.0,2010.0,medium,True
نصر البحار,2000.0,2010.0,high,True
نصرت البدر,1998.0,2010.0,high,True
نصير الحمداني,2010.0,2010.0,medium,True
نعمان الحلو,1990.0,1990.0,high,True
نعوم,2005.0,2010.0,medium,True
نعيم السلطان,2000.0,2010.0,medium,True
نعيمة سميح,1970.0,1970.0,high,True
نقولا الاسطا,1990.0,2000.0,medium,True
نمير حسين,2005.0,2010.0,medium,True
نهاد حسن,2008.0,2010.0,medium,True
نهال نبيل,2005.0,2000.0,high,True
نواف الصالح,2007.0,2010.0,medium,True
نوال الزغبي,1990.0,1990.0,high,True
نوال الكويتية,1980.0,1990.0,high,True
نوح,2015.0,2010.0,low,True
نور الجيلاني,1980.0,1980.0,medium,True
نور الزين,2008.0,2010.0,high,True
نور العمري,2010.0,2010.0,medium,True
نور تيم,2010.0,2010.0,medium,True
نور عرقسوسي,2000.0,2000.0,medium,True
نور علي,2000.0,2000.0,medium,True
نور مهنا,1990.0,1990.0,high,True
نورا ابو ماضي,2000.0,2010.0,low,True
نورا رحال,1990.0,2000.0,high,True
نويل خرمان,2010.0,2020.0,high,True
نيكول سابا,2000.0,2000.0,high,True
نيلى مقدسي,1990.0,2000.0,high,True
نينا عبد الملك,2015.0,2020.0,medium,True
هاجر كباشي,2008.0,2010.0,medium,True
هادي اسود,2003.0,2010.0,high,True
هادي الرحال,2012.0,2010.0,medium,True
هادية طلسم,2005.0,2010.0,medium,True
هارد ايوب,2013.0,2010.0,medium,True
هارموني بويز,1998.0,2000.0,high,True
هاشم ميرغني,1965.0,1970.0,high,True
هالة الفقي,2015.0,2020.0,medium,True
هالة القصير,2012.0,2010.0,medium,True
هاله القصير,2010.0,2010.0,high,True
هانى الاسمر,2000.0,2010.0,medium,True
هانى عبد القادر,2010.0,2010.0,low,True
هاني الهزاع,2010.0,2010.0,medium,True
هاني شاكر,1970.0,1990.0,high,True
هاني عادل,2000.0,2010.0,high,True
هاني متواسي,2000.0,2010.0,medium,True
هايدي موسي,2010.0,2010.0,high,True
هبه طوجي,2010.0,2010.0,high,True
هبه مختار,2010.0,2010.0,low,True
هدى,2000.0,2000.0,medium,True
هدى سعد,2007.0,2010.0,high,True
هدى سلطان,1950.0,1950.0,high,True
هشام الحاج,2000.0,2000.0,high,True
هشام حمزة,2005.0,2010.0,medium,True
هشام صباح,2010.0,2010.0,low,True
هشام عباس,1990.0,1990.0,high,True
هشام محروس,2000.0,2000.0,high,True
هشام نصار,2010.0,2010.0,low,True
همام,2000.0,2000.0,high,True
همام ابراهيم,2007.0,2010.0,medium,True
همام منصور,2003.0,2010.0,high,True
هند,1999.0,2000.0,high,True
هند البحرينية,1999.0,2000.0,high,True
هند البلوشي,2009.0,2010.0,high,True
هند زيادي,2012.0,2010.0,medium,True
هوبا,2008.0,2010.0,low,True
هويدا,1998.0,2000.0,low,True
هيام يونس,1955.0,1960.0,high,True
هيبت البدر,2008.0,2010.0,medium,True
هيثم الهزوم,2005.0,2010.0,medium,True
هيثم خلايلي,2014.0,2010.0,high,True
هيثم سعيد,2000.0,2000.0,high,True
هيثم شاكر,2004.0,2000.0,high,True
هيثم نبيل,2003.0,2000.0,high,True
هيثم يوسف,1989.0,1990.0,high,True
هيفاء وهبي,2002.0,2000.0,high,True
وئام,2000.0,2000.0,low,True
وائل البدري,2010.0,2010.0,medium,True
وائل العبدلي,2010.0,2010.0,medium,True
وائل الفشني,2003.0,2010.0,medium,True
وائل جسار,1996.0,2000.0,high,True
وائل كفوري,1992.0,2000.0,high,True
وائل منير,2010.0,2010.0,medium,True
واثق نصر,2002.0,2000.0,low,True
واما,2003.0,2000.0,high,True
وثاب الخياط,1968.0,1970.0,medium,True
وجدي العاشق,1973.0,1980.0,medium,True
وحيدة خليل,1950.0,1960.0,high,True
وديع الصافي,1947.0,1960.0,high,True
وديع مراد,1990.0,2000.0,high,True
وردة الجزائرية,1960.0,1970.0,high,True
وردة لبغدادية,1960.0,1970.0,medium,True
وسام العراقي,2005.0,2010.0,medium,True
وسام العلي,2010.0,2010.0,low,True
وسام المهندس,2008.0,2010.0,medium,True
وسام ايشو,2015.0,2020.0,low,True
وسام حلمي,2010.0,2010.0,low,True
وسام داود,2012.0,2010.0,medium,True
وسام يوسف,2008.0,2010.0,medium,True
وسيم الامير,2000.0,2000.0,medium,True
وسيم شعار,2005.0,2010.0,medium,True
وعد,2000.0,2000.0,high,True
وعد البحري,2005.0,2010.0,medium,True
وفيق حبيب,2000.0,2010.0,high,True
وليد الجيلاني,2010.0,2010.0,medium,True
وليد الشامي,2005.0,2010.0,high,True
وليد العسل,2010.0,2010.0,medium,True
وليد الهاجري,2000.0,2010.0,medium,True
وليد توفيق,1978.0,1980.0,high,True
وليد جلال,2000.0,2000.0,medium,True
وليد زاكي الدين,1998.0,2000.0,medium,True
وليد سامى,2005.0,2010.0,medium,True
وليد سمارة,2003.0,2000.0,medium,True
وهم,2010.0,2010.0,high,True
وهيبة بوديب,1997.0,2000.0,medium,True
يارا,2004.0,2000.0,high,True
ياس خضر,1965.0,1970.0,high,True
ياسر الطيب,2012.0,2010.0,high,True
ياسر الفراتي,2007.0,2010.0,medium,True
ياسر بطل,2010.0,2010.0,low,True
ياسر تمتام,1995.0,2000.0,medium,True
ياسر حبيب,1998.0,2000.0,medium,True
ياسر سلامه,2008.0,2010.0,medium,True
ياسر عبد الجبار,2012.0,2010.0,medium,True
ياسر عبد الوهاب,2010.0,2010.0,high,True
ياسر كريم,2015.0,2010.0,medium,True
ياسمين جمال,2010.0,2010.0,medium,True
ياسمين علي,2007.0,2010.0,high,True
ياسمين نيازي,2003.0,2000.0,high,True
ياسمينا العلواني,2014.0,2010.0,medium,True
ياسين جلال,2015.0,2010.0,medium,True
ياسين محسن,2015.0,2010.0,low,True
يحيى القيسي,2015.0,2010.0,medium,True
يحيى صويص,2008.0,2010.0,medium,True
يحيى علاء,2018.0,2020.0,high,True
يسرا الهواري,2012.0,2010.0,high,True
يسرا سعوف,2013.0,2010.0,high,True
يسرا محنوش,2012.0,2010.0,high,True
يعقوب شاهين,2017.0,2010.0,high,True
يعقوب عبد الله,2018.0,2020.0,high,True
يمان,2017.0,2020.0,medium,True
يوري مرقدي,1998.0,2000.0,high,True
يوسف الحنين,2012.0,2010.0,medium,True
يوسف الراشد,2015.0,2010.0,high,True
يوسف العماني,2002.0,2000.0,high,True
يوسف المال,2010.0,2010.0,medium,True
يوسف المطرف,1985.0,1990.0,medium,True
يوسف الموصلي,1965.0,1970.0,high,True
يوسف سحاب,2008.0,2010.0,medium,True
يوسف سماره,2010.0,2010.0,medium,True
يوسف عرفات,2012.0,2010.0,high,True
يوسف عزيز,2010.0,2010.0,medium,True
يوسف فارس,2010.0,2010.0,medium,True
يونس الخطيب,2010.0,2010.0,medium,True
